tweet_id,author_id,date,media_id
675827468775718912,214748274,2015-12-12,3_675748710089940992
675827395639836672,433493058,2015-12-12,3_675813573877198849
675827385506205696,305764844,2015-12-12,3_675745682129555460
675827384780726273,2265170936,2015-12-12,3_675747571751632896
675827355823161344,236250264,2015-12-12,3_675744611286020096
675827340983836672,18856976,2015-12-12,3_675753438765056000
675827338190327808,190544832,2015-12-12,3_675770699550695424
675827320356212737,90638611,2015-12-12,3_675741097486917633
675827316480745472,2653832196,2015-12-12,3_675748710089940992
675827315142737920,45388457,2015-12-12,3_675747571751632896
675827289402253312,278914984,2015-12-12,3_675770699550695424
675827278606135296,90638611,2015-12-12,3_675741404145037313
675827278295777280,314125926,2015-12-12,3_675640229282250753
675827258599190528,35806640,2015-12-12,3_675747571751632896
675827253540954112,786625296,2015-12-12,3_675827253423554560
675827250982428673,786625296,2015-12-12,3_675827250697216000
675827244045070336,72732639,2015-12-12,3_675744611286020096
675827233085263872,3741023714,2015-12-12,3_675736141744594944
675827218652663808,3181309406,2015-12-12,3_675744039422046208
675827212461936644,252987054,2015-12-12,3_675809229681401856
675827201179299842,54884992,2015-12-12,3_675813573877198849
675827132145246209,364419489,2015-12-12,3_675745682129555460
675827130157170692,1468113726,2015-12-12,3_675765002847023104
675827126059196416,34121956,2015-12-12,3_675748020558897153
675827114785030144,143536795,2015-12-12,3_675827113572892672
675827108887846912,278050842,2015-12-12,3_674310234110861312
675827083835138048,439969511,2015-12-12,3_675755167640350720
675827055884390400,1260063007,2015-12-12,3_675750562487472128
675827052625436672,3782604881,2015-12-12,3_675775268418674688
675827044593332224,128082326,2015-12-12,3_675815838146949120
675827026746605569,493736542,2015-12-12,3_675771299004882944
675827024196476928,40862716,2015-12-12,3_675745192817917952
675826946924814336,3400518881,2015-12-12,3_675770699550695424
675826932936744960,2165310961,2015-12-12,3_675764751432032256
675826899369648128,3768336972,2015-12-12,3_675753438765056000
675826882521210880,255144027,2015-12-12,3_675821345360474112
675826881283940352,456802508,2015-12-12,3_675770699550695424
675826864032628738,35806640,2015-12-12,3_675636907993374720
675826843660996609,456802508,2015-12-12,3_675821345360474112
675826830935461889,252987054,2015-12-12,3_675770699550695424
675826779831975936,29584150,2015-12-12,3_675826779395788800
675826683652493312,163718600,2015-12-12,3_675719390747361282
675826661770846208,385846198,2015-12-12,3_675744611286020096
675826608842887168,325536351,2015-12-12,3_675720855876423681
675826608842887168,325536351,2015-12-12,3_675720853154320384
675826608842887168,325536351,2015-12-12,3_675720857956835328
675826608842887168,325536351,2015-12-12,3_675720855826145282
675826532615589888,777958170,2015-12-12,3_675819326260117504
675826489275887616,240255052,2015-12-12,3_675244897134206976
675826453511032832,762623358,2015-12-12,3_675637317067866112
675826448255488000,1651572211,2015-12-12,3_675745682129555460
675826410242510849,367184298,2015-12-12,3_675741097486917633
675826390160150528,2542812312,2015-12-12,3_675753438765056000
675826387735986177,3147255967,2015-12-12,3_675747571751632896
675826372359684096,27293869,2015-12-12,3_675750562487472128
675826362393960449,477914145,2015-12-12,3_675744611286020096
675826350544961536,3732087792,2015-12-12,3_675457632191324160
675826331356033024,538437711,2015-12-12,3_675725218971836416
675826288599261184,510209931,2015-12-12,3_675770699550695424
675826252436099073,2865859529,2015-12-12,3_675818493669838848
675826243527397376,4438536503,2015-12-12,3_675775268418674688
675826225877680128,3220070977,2015-12-12,3_675770699550695424
675826168336003072,612805800,2015-12-12,3_675321802151878659
675826148899741697,2587748954,2015-12-12,3_675745682129555460
675826147066707968,1544293765,2015-12-12,3_675745682129555460
675826138657239041,333819204,2015-12-12,3_675753438765056000
675826116200894466,42908508,2015-12-12,3_675772955473874944
675826115559202816,2774983910,2015-12-12,3_675813573877198849
675826109603176448,372789976,2015-12-12,3_675598385227919360
675826083632123904,20380049,2015-12-12,3_675826083472764928
675826081165877252,493071741,2015-12-12,3_675750562487472128
675826077437161472,318341978,2015-12-12,3_675770699550695424
675826054066491392,2520278324,2015-12-12,3_675751000737759232
675825995954393088,192324489,2015-12-12,3_675818493669838848
675825980360040448,320725937,2015-12-12,3_675747880041381888
675825977096818688,186043133,2015-12-12,3_675745380982726657
675825948776914944,820204081,2015-12-12,3_675777917654310912
675825879902257152,104217434,2015-12-12,3_675744826000859136
675825874806116352,211707946,2015-12-12,3_675748710089940992
675825874395127808,83728463,2015-12-12,3_675818493669838848
675825870792237058,2385160333,2015-12-12,3_675775268418674688
675825864345575424,469803857,2015-12-12,3_675773490641903618
675825859182338048,514865904,2015-12-12,3_675770699550695424
675825853150965760,537378352,2015-12-12,3_675818493669838848
675825849787027456,185560335,2015-12-12,3_675814220085207040
675825847459295232,4587241,2015-12-12,3_675813076227215360
675825842769932290,161162501,2015-12-12,3_675748710089940992
675825833710342144,16029092,2015-12-12,3_675770699550695424
675825793528963072,22994446,2015-12-12,3_675747571751632896
675825779868045312,3371832673,2015-12-12,3_675753438765056000
675825765737369600,48928075,2015-12-12,3_675659527719673856
675825744531058689,407364224,2015-12-12,3_675813573877198849
675825722880073728,1176640496,2015-12-12,3_671698883286732800
675825673940934656,256136395,2015-12-12,3_675744826000859136
675825639950159873,538437711,2015-12-12,3_675457632191324160
675825619595223040,2500065450,2015-12-12,3_675804934168698881
675825601845006336,251351863,2015-12-12,3_674296899172753409
675825595993976833,2404952916,2015-12-12,3_675723699862036481
675825571083894784,2596133172,2015-12-12,3_675750562487472128
675825532781658112,330826792,2015-12-12,3_675825532651634688
675825523851792384,24228703,2015-12-12,3_675818493669838848
675825514351865856,1421557908,2015-12-12,3_675816448443473920
675825487487311877,3101535105,2015-12-12,3_675775268418674688
675825473348345856,477193182,2015-12-12,3_675744826000859136
675825467035783168,565884437,2015-12-12,3_675655200556892160
675825443497517056,348237700,2015-12-12,3_675812640342585344
675825438099447808,95170812,2015-12-12,3_675813076227215360
675825430105051136,258721662,2015-12-12,3_675775268418674688
675825429454987264,828208507,2015-12-12,3_674536035842465792
675825424937586688,2927170380,2015-12-12,3_675756444780797956
675825424937586688,2927170380,2015-12-12,3_675756447775330304
675825424870473728,116080919,2015-12-12,3_675815838146949120
675825357996425217,4114220844,2015-12-12,3_675802348426551296
675825356314714112,48387441,2015-12-12,3_675775268418674688
675825309690671104,196253730,2015-12-12,3_675748710089940992
675825296596213761,19844438,2015-12-12,3_675780561835712513
675825292628332544,252987054,2015-12-12,3_675813076227215360
675825274219536386,314125926,2015-12-12,3_675747571751632896
675825269882638337,16218064,2015-12-12,3_675750562487472128
675825257350057984,2419947062,2015-12-12,3_675821289643331585
675825212613640195,388330872,2015-12-12,3_675770699550695424
675825205588066304,3245494458,2015-12-12,3_675770699550695424
675825185124179968,131079801,2015-12-12,3_675824012837167104
675825127481847809,580349250,2015-12-12,3_675754253672124420
675825124474400768,37898439,2015-12-12,3_675770699550695424
675825123551768578,198188968,2015-12-12,3_675813573877198849
675825119160209408,312335223,2015-12-12,3_675818493669838848
675825100327936000,185302792,2015-12-12,3_675744611286020096
675825032984182786,174541386,2015-12-12,3_675804928317759489
675825032044683265,2385160333,2015-12-12,3_675794099866378240
675825026411724800,392386070,2015-12-12,3_675748710089940992
675825023551201280,2252147324,2015-12-12,3_675724928163954688
675825020397031424,253302542,2015-12-12,3_675777917654310912
675824979628298240,5794282,2015-12-12,3_675756444780797956
675824979628298240,5794282,2015-12-12,3_675756447775330304
675824972099674112,2707034580,2015-12-12,3_675753438765056000
675824921650536448,363612076,2015-12-12,3_675780561835712513
675824920711077888,215732375,2015-12-12,3_675804934168698881
675824917473067008,160964423,2015-12-12,3_675798738531540992
675824912704151555,709780635,2015-12-12,3_675775268418674688
675824866474532864,210187957,2015-12-12,3_675773490641903618
675824840704675840,3303592042,2015-12-12,3_675681901433065477
675824838376755201,2382880184,2015-12-12,3_675787432915152898
675824830181203968,720313009,2015-12-12,3_675764751432032256
675824806516813825,112219846,2015-12-12,3_675770699550695424
675824805824843777,57297909,2015-12-12,3_675813573877198849
675824803752857605,225245149,2015-12-12,3_675770699550695424
675824764699607041,18942123,2015-12-12,3_675744180447105024
675824733787590657,24553894,2015-12-12,3_675753438765056000
675824732785221632,3371832673,2015-12-12,3_675764751432032256
675824688380125184,154551490,2015-12-12,3_675753438765056000
675824681111429120,1296525722,2015-12-12,3_675769907397722112
675824678418665472,1304148211,2015-12-12,3_675748710089940992
675824662320926720,19071298,2015-12-12,3_675770699550695424
675824603688771584,2451297710,2015-12-12,3_675775268418674688
675824592200581121,3291664709,2015-12-12,3_675758115942498304
675824582041968640,425749852,2015-12-12,3_675818493669838848
675824551868018688,19401331,2015-12-12,3_675724928163954688
675824519098036225,120602529,2015-12-12,3_675818493669838848
675824485384241152,122662012,2015-12-12,3_675773490641903618
675824483060604928,126006578,2015-12-12,3_675770699550695424
675824477343731712,339532820,2015-12-12,3_675770699550695424
675824466451042304,40230242,2015-12-12,3_675659527719673856
675824460537200640,1088751344,2015-12-12,3_675750562487472128
675824432531824642,2748933258,2015-12-12,3_675782409376370690
675824430132645888,1296525722,2015-12-12,3_675771522628370432
675824424440995840,223478864,2015-12-12,3_675744826000859136
675824403469484032,2736106258,2015-12-12,3_675812640342585344
675824390915887104,1372862233,2015-12-12,3_675457632191324160
675824363300478977,1187031432,2015-12-12,3_675750562487472128
675824235449683968,2163966498,2015-12-12,3_675770699550695424
675824231293296640,2854631639,2015-12-12,3_675770699550695424
675824206848909313,462977319,2015-12-12,3_675770699550695424
675824160896098304,709780635,2015-12-12,3_675813573877198849
675824160204017665,3083637130,2015-12-12,3_675655200556892160
675824137189879808,969709069,2015-12-12,3_675744617770442752
675824122920763392,3107182568,2015-12-12,3_675747571751632896
675824084035440640,274492113,2015-12-12,3_675748710089940992
675824050640281600,702903414,2015-12-12,3_675723699862036481
675824048832536576,4430249352,2015-12-12,3_675659527719673856
675824047775612928,952858410,2015-12-12,3_675747571751632896
675824037344350208,121796667,2015-12-12,3_675783780003631104
675824032529387520,258627166,2015-12-12,3_675806759966121984
675824029169795073,1527126554,2015-12-12,3_675770699550695424
675824026242179076,360678565,2015-12-12,3_675809229681401856
675823985066684417,547230118,2015-12-12,3_675770699550695424
675823974580887552,29429780,2015-12-12,3_675813076227215360
675823961536659457,319535377,2015-12-12,3_675770699550695424
675823957694517248,121156279,2015-12-12,3_675823956318752768
675823951696764928,2962179087,2015-12-12,3_675694776725975040
675823942888775681,289818692,2015-12-12,3_675724589608083456
675823898223620096,62259828,2015-12-12,3_675681095606771712
675823895497281536,22107914,2015-12-12,3_675655200556892160
675823860072259584,969709069,2015-12-12,3_675745380982726657
675823843680849920,2822296520,2015-12-12,3_675753438765056000
675823838500884480,380830333,2015-12-12,3_675745054472970240
675823822789074945,82472632,2015-12-12,3_675756444780797956
675823822789074945,82472632,2015-12-12,3_675756447775330304
675823793877708800,2539642827,2015-12-12,3_675754253672124420
675823789654036480,43498945,2015-12-12,3_675753438765056000
675823783681347586,136774631,2015-12-12,3_675821345360474112
675823780602748928,53738810,2015-12-12,3_675775268418674688
675823772830597124,3252195282,2015-12-12,3_675770699550695424
675823752660328448,2858436910,2015-12-12,3_675823752148553729
675823736159936512,1914971106,2015-12-12,3_675753438765056000
675823729776140293,17410863,2015-12-12,3_675823729318887424
675823725242015744,42561847,2015-12-12,3_675818493669838848
675823699858202625,90738770,2015-12-12,3_675770699550695424
675823688181264389,3352088847,2015-12-12,3_675749360236421120
675823640387174400,846108882,2015-12-12,3_675747571751632896
675823630006161408,62814051,2015-12-12,3_675801154215936002
675823620573274112,49678509,2015-12-12,3_675816448443473920
675823619696652290,2673334859,2015-12-12,3_672093011430531073
675823601086427136,46591474,2015-12-12,3_675780561835712513
675823597739515904,157740174,2015-12-12,3_675773490641903618
675823576629383168,306553423,2015-12-12,3_675574806713139201
675823557792935936,3816647542,2015-12-12,3_675770699550695424
675823530521571329,136270234,2015-12-12,3_675706024645513219
675823520509636609,490251671,2015-12-12,3_675744729716400128
675823488154927104,403981601,2015-12-12,3_675745192817917952
675823480672153600,2992977704,2015-12-12,3_675744180447105024
675823452914364416,50343317,2015-12-12,3_675744826000859136
675823451152740352,3041442129,2015-12-12,3_675638864170639360
675823415882727428,264265349,2015-12-12,3_675800800959053824
675823413575815169,770338039,2015-12-12,3_675751000737759232
675823412070113280,3063554796,2015-12-12,3_675753438765056000
675823404310769664,2434191967,2015-12-12,3_675770699550695424
675823388812685312,600435651,2015-12-12,3_675724928163954688
675823378100584449,101616453,2015-12-12,3_675775268418674688
675823376192139264,19900932,2015-12-12,3_675821345360474112
675823325881368576,778810236,2015-12-12,3_675577118013726720
675823321141936128,1559993359,2015-12-12,3_675770699550695424
675823302087065600,1404087277,2015-12-12,3_675770699550695424
675823273867878400,2962179087,2015-12-12,3_675598385227919360
675823268339798017,2338211167,2015-12-12,3_675821356391514112
675823268339798017,2338211167,2015-12-12,3_675821356441845760
675823262207770629,400599338,2015-12-12,3_675818493669838848
675823261687668736,390127275,2015-12-12,3_675699062121832448
675823250316918784,519498079,2015-12-12,3_675753438765056000
675823229748060160,14340164,2015-12-12,3_675773490641903618
675823229269876736,583543380,2015-12-12,3_675819326260117504
675823224798752768,300505490,2015-12-12,3_675775490939031552
675823201138544640,1680050581,2015-12-12,3_675770699550695424
675823193446313984,4169928502,2015-12-12,3_675818493669838848
675823190745157632,199103041,2015-12-12,3_675783780003631104
675823186727075841,368308528,2015-12-12,3_675773490641903618
675823173691117568,242867688,2015-12-12,3_675800800959053824
675823141642371072,20422158,2015-12-12,3_675748710089940992
675823025250418689,614058029,2015-12-12,3_675655200556892160
675823022456999936,260082730,2015-12-12,3_675724589608083456
675822989536006145,2161816561,2015-12-12,3_675607227789656064
675822961576779776,360678565,2015-12-12,3_675817477776023553
675822925329645568,3226249761,2015-12-12,3_675811985703981056
675822910527811584,2949206737,2015-12-12,3_675770699550695424
675822877967572992,57297909,2015-12-12,3_675818493669838848
675822860900810753,141184440,2015-12-12,3_675818493669838848
675822847625940992,1868248249,2015-12-12,3_675744351683805188
675822837958070272,1230591655,2015-12-12,3_675770699550695424
675822837517713408,38422859,2015-12-12,3_675808179792584704
675822811449962496,702903414,2015-12-12,3_675804934168698881
675822798749724672,28824136,2015-12-12,3_675770699550695424
675822796895887360,236506960,2015-12-12,3_675756444780797956
675822796895887360,236506960,2015-12-12,3_675756447775330304
675822770568187904,1230591655,2015-12-12,3_675745682129555460
675822767237918720,255977575,2015-12-12,3_675821345360474112
675822761365909504,139761353,2015-12-12,3_675794684862726148
675822745687613440,1978329806,2015-12-12,3_675765002847023104
675822722358710272,3038125552,2015-12-12,3_675724589608083456
675822714381176832,499446913,2015-12-12,3_675745682129555460
675822710476304385,143367064,2015-12-12,3_675783780003631104
675822703073472512,16543550,2015-12-12,3_675770699550695424
675822699768320000,14235246,2015-12-12,3_675770699550695424
675822674267004928,3250870173,2015-12-12,3_675750834874032128
675822666952101888,244193375,2015-12-12,3_675753438765056000
675822636228825088,348234103,2015-12-12,3_675744826000859136
675822634777620481,145598636,2015-12-12,3_675770699550695424
675822619728318464,4368370939,2015-12-12,3_675723699862036481
675822595745390592,1390459284,2015-12-12,3_675759175247527936
675822581463683072,2791921715,2015-12-12,3_675457632191324160
675822578582216704,43851727,2015-12-12,3_675770699550695424
675822536773406720,70211907,2015-12-12,3_675818493669838848
675822531404808192,2825162667,2015-12-12,3_675745557932064768
675822531291541504,2417258504,2015-12-12,3_675818493669838848
675822531035553792,771215719,2015-12-12,3_675818493669838848
675822508109529088,27768300,2015-12-12,3_675744826000859136
675822495304450048,14235246,2015-12-12,3_675598385227919360
675822488690024448,3294744137,2015-12-12,3_675753438765056000
675822487058448384,266128113,2015-12-12,3_675783780003631104
675822484248264704,100622372,2015-12-12,3_675770699550695424
675822481425367042,1101921,2015-12-12,3_675770699550695424
675822466388873217,1467987451,2015-12-12,3_675748710089940992
675822423896403969,16935593,2015-12-12,3_675769675989581824
675822423896403969,16935593,2015-12-12,3_675769676190908416
675822414740250624,95238467,2015-12-12,3_675765002847023104
675822405013516288,1330919106,2015-12-12,3_675770699550695424
675822358058287104,19401331,2015-12-12,3_675785852321193985
675822343260794880,622507282,2015-12-12,3_675783780003631104
675822341612531713,14907468,2015-12-12,3_675770699550695424
675822328840855553,3345954131,2015-12-12,3_675783780003631104
675822290349727745,350048575,2015-12-12,3_675744729716400128
675822273031364608,173742158,2015-12-12,3_675783780003631104
675822249505628160,146445088,2015-12-12,3_675804934168698881
675822242568253441,1239121442,2015-12-12,3_675818493669838848
675822224989929472,146445088,2015-12-12,3_675818493669838848
675822219692548097,207829905,2015-12-12,3_675775268418674688
675822193641680896,111192409,2015-12-12,3_675747571751632896
675822193268404225,67397583,2015-12-12,3_675785367631634432
675822176407306241,386105139,2015-12-12,3_675748710089940992
675822172800090112,379894495,2015-12-12,3_675783780003631104
675822164713578497,3332030369,2015-12-12,3_675745682129555460
675822138838896641,3341034388,2015-12-12,3_675753438765056000
675822102616780801,160063743,2015-12-12,3_675770699550695424
675822094706339840,3340902919,2015-12-12,3_675756444780797956
675822094706339840,3340902919,2015-12-12,3_675756447775330304
675822078801514496,516863178,2015-12-12,3_675736141744594944
675822061567258625,80059140,2015-12-12,3_675744611286020096
675822051081474052,85344339,2015-12-12,3_675745682129555460
675822046044168194,3084965890,2015-12-12,3_675812640342585344
675822037164802052,15332989,2015-12-12,3_675802693047332864
675822030617518080,599888121,2015-12-12,3_675818493669838848
675822011453726720,364156160,2015-12-12,3_675744278866456578
675821999273336833,19401331,2015-12-12,3_675778544581128195
675821965211541505,2860692563,2015-12-12,3_675422286330126336
675821953861709824,16543550,2015-12-12,3_675745682129555460
675821929710907392,2864631155,2015-12-12,3_675804934168698881
675821913697054722,15088481,2015-12-12,3_675821912749154305
675821904624803840,131920751,2015-12-12,3_675818493669838848
675821898446540800,197404857,2015-12-12,3_675720438455132161
675821860664295424,2466014634,2015-12-12,3_675818493669838848
675821835582316544,120470709,2015-12-12,3_675744611286020096
675821816074514433,2374469136,2015-12-12,3_675821289643331585
675821815852359680,79615694,2015-12-12,3_674964599209201664
675821806633271296,4169928502,2015-12-12,3_675818493669838848
675821805823590400,36031754,2015-12-12,3_675770699550695424
675821799783817216,271507036,2015-12-12,3_675747906180284420
675821794499166208,118050459,2015-12-12,3_675770699550695424
675821788425768960,296769278,2015-12-12,3_675753438765056000
675821783107284992,166698926,2015-12-12,3_675773490641903618
675821783015030784,432064754,2015-12-12,3_675770699550695424
675821773561180160,365123359,2015-12-12,3_675724589608083456
675821757660577793,2557163706,2015-12-12,3_675783780003631104
675821749322293248,18494161,2015-12-12,3_675821748273725441
675821743316054017,2512040634,2015-12-12,3_675821345360474112
675821730712174593,2204029472,2015-12-12,3_675787432915152898
675821715327324160,1397048119,2015-12-12,3_675818493669838848
675821707110825985,2300294439,2015-12-12,3_675806759966121984
675821660365299713,2566824948,2015-12-12,3_675821345360474112
675821650416295937,24663251,2015-12-12,3_675770699550695424
675821629969211392,1514367242,2015-12-12,3_675775268418674688
675821620322295808,2461461990,2015-12-12,3_675753438765056000
675821600223191042,231041611,2015-12-12,3_675755392270471168
675821585052356608,606355477,2015-12-12,3_675764751432032256
675821584494419968,2167416002,2015-12-12,3_675818493669838848
675821576957349888,198549956,2015-12-12,3_675787432915152898
675821549702615040,1414462891,2015-12-12,3_675806122004103171
675821515246407680,1497388584,2015-12-12,3_675804934168698881
675821511794528256,115552801,2015-12-12,3_675636907993374720
675821475572531200,269858714,2015-12-12,3_675821474205184000
675821399072747520,1558479776,2015-12-12,3_675745883649146880
675821381943238657,74508903,2015-12-12,3_675821356391514112
675821381943238657,74508903,2015-12-12,3_675821356441845760
675821380366020608,22393125,2015-12-12,3_675818493669838848
675821367732867073,18399014,2015-12-12,3_675819326260117504
675821367217012736,881933605,2015-12-12,3_675783780003631104
675821361189654528,17918271,2015-12-12,3_675677721272299520
675821355640578048,61301735,2015-12-12,3_675818493669838848
675821347461795840,4070727077,2015-12-12,3_675629645123985408
675821345788284928,440413534,2015-12-12,3_675821345360474112
675821335893909504,563573148,2015-12-12,3_675655200556892160
675821333620645888,83919643,2015-12-12,3_675754253672124420
675821307381043200,87022377,2015-12-12,3_675641278856634368
675821298791116800,2208889500,2015-12-12,3_675818493669838848
675821285717491713,3131592839,2015-12-12,3_675663403696959489
675821272140488704,1248883514,2015-12-12,3_675786479281532928
675821270475268096,3360599895,2015-12-12,3_675804934168698881
675821268705251328,547216864,2015-12-12,3_675748710089940992
675821261323276288,985960088,2015-12-12,3_675770699550695424
675821255589765122,120129480,2015-12-12,3_675821254054645760
675821252112592896,3784432032,2015-12-12,3_675750562487472128
675821244516823040,2396858293,2015-12-12,3_675748710089940992
675821221246844932,124836934,2015-12-12,3_675775268418674688
675821169724039168,598956290,2015-12-12,3_675750597509844992
675821153202606082,114680171,2015-12-12,3_675747571751632896
675821142465228800,1671813086,2015-12-12,3_675821142242930688
675821141156569088,4070727077,2015-12-12,3_675764751432032256
675821127659331584,48909813,2015-12-12,3_675710621099388929
675821100169760768,4513037418,2015-12-12,3_675655200556892160
675821090736852992,23612358,2015-12-12,3_675598385227919360
675821085376540672,240447091,2015-12-12,3_675783780003631104
675821031878230016,41825288,2015-12-12,3_675744180447105024
675821031014182912,155840121,2015-12-12,3_675770699550695424
675820988605538305,344621954,2015-12-12,3_675775268418674688
675820987133337600,2911684443,2015-12-12,3_675818493669838848
675820929822277632,395810455,2015-12-12,3_675745682129555460
675820929113542657,466963666,2015-12-12,3_675745682129555460
675820927049973760,618353,2015-12-12,3_675756417429688324
675820925749764100,483989650,2015-12-12,3_675748710089940992
675820896666443776,49630196,2015-12-12,3_675642512753717248
675820889544392704,1433456161,2015-12-12,3_660368605717118976
675820885144502272,43533997,2015-12-12,3_675770699550695424
675820884351959040,2431369694,2015-12-12,3_675818493669838848
675820873308315649,3150225742,2015-12-12,3_675607227789656064
675820824503443456,13864582,2015-12-12,3_675815160175534082
675820814583877633,1090019785,2015-12-12,3_675809992805584896
675820777367838722,3169535703,2015-12-12,3_675748710089940992
675820747957411845,108711275,2015-12-12,3_675758115942498304
675820740994867200,2353551360,2015-12-12,3_675750562487472128
675820740088872960,1446656370,2015-12-12,3_675748710089940992
675820727883292672,2344022562,2015-12-12,3_675820727732273152
675820727883292672,2344022562,2015-12-12,3_675819326260117504
675820718647435264,3052189796,2015-12-12,3_675770699550695424
675820702075891712,1108778335,2015-12-12,3_675745380982726657
675820693003505669,2389748504,2015-12-12,3_675755167640350720
675820679766417410,3631730303,2015-12-12,3_675681095606771712
675820655883997184,356935210,2015-12-12,3_675744611286020096
675820640847425536,510592186,2015-12-12,3_675818493669838848
675820622786654208,556331089,2015-12-12,3_675681043282702337
675820622786654208,556331089,2015-12-12,3_675681427741007875
675820616855904256,33175847,2015-12-12,3_675758115942498304
675820608639209472,17111029,2015-12-12,3_675770699550695424
675820551412187136,2742695654,2015-12-12,3_675756444780797956
675820551412187136,2742695654,2015-12-12,3_675756447775330304
675820514762498048,730523036,2015-12-12,3_675691635754336261
675820514540146689,1380667435,2015-12-12,3_675772876247670785
675820489240158208,4210403806,2015-12-12,3_675818493669838848
675820488648691712,2636942542,2015-12-12,3_675770699550695424
675820482688630787,3131592839,2015-12-12,3_675657842188267520
675820468084064256,326788269,2015-12-12,3_675745682129555460
675820459426840576,302142811,2015-12-12,3_675724589608083456
675820425599913984,191463695,2015-12-12,3_675758905490874370
675820405668622337,3347371161,2015-12-12,3_675744611286020096
675820397825232900,515307561,2015-12-12,3_675681538550472704
675820371212263424,2679973490,2015-12-12,3_675813573877198849
675820347325874176,3631730303,2015-12-12,3_675690739813216256
675820329072091136,4118034976,2015-12-12,3_675777917654310912
675820315071545344,3252627721,2015-12-12,3_675758115942498304
675820276559577088,2984614877,2015-12-12,3_675819326260117504
675820255269138432,3252627721,2015-12-12,3_675744826000859136
675820252685598720,21150492,2015-12-12,3_675820252135985152
675820252555378688,184587814,2015-12-12,3_675750562487472128
675820250873667584,3131592839,2015-12-12,3_675745192817917952
675820239012106240,232579939,2015-12-12,3_675744264568086528
675820225217081344,189663569,2015-12-12,3_675818493669838848
675820219831480322,849264877,2015-12-12,3_675787432915152898
675820216702607360,4162072691,2015-12-12,3_675818493669838848
675820204505608192,84935846,2015-12-12,3_675748710089940992
675820200525103104,2898075617,2015-12-12,3_672093011430531073
675820194745421824,532135396,2015-12-12,3_675772955473874944
675820183332642816,3905070324,2015-12-12,3_675745682129555460
675820147827982336,472393520,2015-12-12,3_675747571751632896
675820142199197696,412437296,2015-12-12,3_675690739813216256
675820140890447872,3903586340,2015-12-12,3_675804934168698881
675820135064686592,339754094,2015-12-12,3_675820134804639745
675820133236023296,17410863,2015-12-12,3_675820132631842816
675820114869166080,314518562,2015-12-12,3_675769907397722112
675820040420126720,1433456161,2015-12-12,3_664391745384370176
675819987160952833,16544818,2015-12-12,3_675819986640859136
675819981976772608,3246424725,2015-12-12,3_675811985703981056
675819948267200512,4016448381,2015-12-12,3_675748710089940992
675819912447815680,2707196261,2015-12-12,3_675747880041381888
675819905845997568,4016448381,2015-12-12,3_675785852321193985
675819885633646593,2847980704,2015-12-12,3_675758115942498304
675819877542809600,543234874,2015-12-12,3_675811516411682817
675819870261481472,41758160,2015-12-12,3_675748710089940992
675819869758205952,2355264493,2015-12-12,3_675748710089940992
675819869607215104,14132290,2015-12-12,3_675818493669838848
675819839039107072,169634370,2015-12-12,3_675748710089940992
675819829467697152,598896502,2015-12-12,3_675804934168698881
675819822379347973,1887582926,2015-12-12,3_675748710089940992
675819816247304192,987434700,2015-12-12,3_675748117740953601
675819804113129472,1656690139,2015-12-12,3_675748710089940992
675819793916764160,47406657,2015-12-12,3_675756444780797956
675819793916764160,47406657,2015-12-12,3_675756447775330304
675819788195766272,1887486780,2015-12-12,3_675748710089940992
675819770827153408,1887590629,2015-12-12,3_675748710089940992
675819763105439744,3304188603,2015-12-12,3_675753438765056000
675819746969825280,430019058,2015-12-12,3_675770699550695424
675819741676572673,62251786,2015-12-12,3_675801154215936002
675819736492408832,2723172332,2015-12-12,3_675818493669838848
675819732520583170,1456140842,2015-12-12,3_675748710089940992
675819720252252160,238588662,2015-12-12,3_675797901692551168
675819702896205824,1310420138,2015-12-12,3_675658896653045764
675819688753000448,2679973490,2015-12-12,3_675757087343951873
675819684529373184,14245757,2015-12-12,3_675819326260117504
675819682046328834,291355192,2015-12-12,3_675818493669838848
675819664526721025,4228777692,2015-12-12,3_675775268418674688
675819652858183680,116302305,2015-12-12,3_675818493669838848
675819645354573824,92422816,2015-12-12,3_675753438765056000
675819645190844417,398356419,2015-12-12,3_675744611286020096
675819628241821696,461934366,2015-12-12,3_675753438765056000
675819623971954689,786625296,2015-12-12,3_675819623833563136
675819619525988352,116302305,2015-12-12,3_675818493669838848
675819608398516224,20847665,2015-12-12,3_675750562487472128
675819591436759040,72775273,2015-12-12,3_675813573877198849
675819587292663809,3984516674,2015-12-12,3_675744826000859136
675819571694161920,270043293,2015-12-12,3_675751000737759232
675819543059632130,2821274061,2015-12-12,3_675655200556892160
675819542698983424,16173751,2015-12-12,3_675818493669838848
675819534750629888,3447895333,2015-12-12,3_675815326743789569
675819526580264961,2821274061,2015-12-12,3_675753438765056000
675819506384654337,323183582,2015-12-12,3_675741097486917633
675819497836670976,561310857,2015-12-12,3_675749717410713600
675819458347298816,48136876,2015-12-12,3_675813573877198849
675819455218212864,422602255,2015-12-12,3_675750562487472128
675819438260621312,485569909,2015-12-12,3_675744826000859136
675819423232614400,600136789,2015-12-12,3_672093011430531073
675819406027579393,800420600,2015-12-12,3_675744826000859136
675819393306116096,775831849,2015-12-12,3_675818493669838848
675819373286723584,1859587704,2015-12-12,3_675750562487472128
675819372062097408,2737015671,2015-12-12,3_675815838146949120
675819370304569344,124440646,2015-12-12,3_675753438765056000
675819354018209792,1634752879,2015-12-12,3_675798584311222274
675819332614639617,3221632563,2015-12-12,3_675598385227919360
675819326939754496,400334965,2015-12-12,3_675819326260117504
675819324435755009,557693130,2015-12-12,3_675809992805584896
675819291476815873,164131639,2015-12-12,3_675750562487472128
675819254621462528,1433456161,2015-12-12,3_663785814976020480
675819237638864902,2938925014,2015-12-12,3_675745192817917952
675819232140111873,1104939096,2015-12-12,3_675747571751632896
675819227526336512,2985586871,2015-12-12,3_675775268418674688
675819216730251264,74508903,2015-12-12,3_675819171565977600
675819214729424897,343148096,2015-12-12,3_675744826000859136
675819200326139904,909351578,2015-12-12,3_675756444780797956
675819200326139904,909351578,2015-12-12,3_675756447775330304
675819199676162048,401687825,2015-12-12,3_675753438765056000
675819198858285062,1360838234,2015-12-12,3_675764439904223232
675819182013960192,15692923,2015-12-12,3_675819114728972288
675819173403041793,15719988,2015-12-12,3_675815838146949120
675819168546095104,727865330,2015-12-12,3_675658018885902336
675819131103346688,973085700,2015-12-12,3_675818493669838848
675819103106564096,440413534,2015-12-12,3_675598385227919360
675819102687109120,4165846455,2015-12-12,3_675818493669838848
675819091127615490,819057979,2015-12-12,3_675745192817917952
675819011788156928,1360838234,2015-12-12,3_675745682129555460
675819006964707329,342130924,2015-12-12,3_675804934168698881
675818998676783104,2867467161,2015-12-12,3_675784301062045696
675818982742605824,303437351,2015-12-12,3_675750562487472128
675818971694833665,21704370,2015-12-12,3_675770699550695424
675818966833635328,2867467161,2015-12-12,3_675772955473874944
675818957387993088,317070697,2015-12-12,3_675813573877198849
675818942343069696,1360838234,2015-12-12,3_675658018885902336
675818941126701056,2371706160,2015-12-12,3_675751000737759232
675818916845760512,96541326,2015-12-12,3_675745682129555460
675818906460778496,535675339,2015-12-12,3_675699513353502720
675818901607944193,446739981,2015-12-12,3_675750562487472128
675818885887762432,576316808,2015-12-12,3_675806759966121984
675818876857221120,2893085292,2015-12-12,3_675745192817917952
675818861942472704,17055997,2015-12-12,3_675808179792584704
675818858180120576,16231261,2015-12-12,3_675812640342585344
675818854677929984,821533278,2015-12-12,3_675744611286020096
675818830782967814,3631730303,2015-12-12,3_675684501599731712
675818826064244737,2523573702,2015-12-12,3_675745682129555460
675818823665061888,408104228,2015-12-12,3_675818493669838848
675818821731655681,133659160,2015-12-12,3_675770699550695424
675818813019979776,589201577,2015-12-12,3_675818493669838848
675818811644231680,17081607,2015-12-12,3_675800800959053824
675818808515436544,2584537727,2015-12-12,3_675758115942498304
675818807424864256,604855038,2015-12-12,3_675811516411682817
675818800269418496,574614616,2015-12-12,3_675813573877198849
675818789485854721,2347583485,2015-12-12,3_675655200556892160
675818736583053318,3346059785,2015-12-12,3_675656303059050496
675818734204784641,4317165321,2015-12-12,3_675744611286020096
675818711576612864,2347583485,2015-12-12,3_675744611286020096
675818687782363136,390174956,2015-12-12,3_675747565338521600
675818680618508290,216032810,2015-12-12,3_675818493669838848
675818666819198980,2347583485,2015-12-12,3_675747571751632896
675818661546991620,9380712,2015-12-12,3_675770699550695424
675818658858450946,1402198868,2015-12-12,3_675806759966121984
675818656081817605,462977319,2015-12-12,3_675798518896836608
675818652902510593,1628288611,2015-12-12,3_675736141744594944
675818648578080772,343148096,2015-12-12,3_675758115942498304
675818641129123841,2347583485,2015-12-12,3_675750562487472128
675818639820496897,16922486,2015-12-12,3_675749717410713600
675818639501754370,382900213,2015-12-12,3_675818493669838848
675818634166403072,253147434,2015-12-12,3_675770699550695424
675818623559213056,721173996,2015-12-12,3_675745682129555460
675818620044333056,533390479,2015-12-12,3_675655200556892160
675818610863054848,1910564407,2015-12-12,3_675758115942498304
675818606425464832,33445492,2015-12-12,3_675818493669838848
675818603652976640,2804510118,2015-12-12,3_675750562487472128
675818598351413249,1386561144,2015-12-12,3_675756444780797956
675818598351413249,1386561144,2015-12-12,3_675756447775330304
675818595213971457,339433442,2015-12-12,3_675777917654310912
675818576314507264,82313419,2015-12-12,3_675775268418674688
675818570195083267,769046761,2015-12-12,3_675815160175534082
675818569980968960,3839642594,2015-12-12,3_675457632191324160
675818496396238848,264451340,2015-12-12,3_674310234110861312
675818496375324672,215477010,2015-12-12,3_675770699550695424
675818495326748672,38146999,2015-12-12,3_675818493669838848
675818483200991232,535675339,2015-12-12,3_675707757669040128
675818480705265664,1342417356,2015-12-12,3_675759488117248000
675818465207443457,215477010,2015-12-12,3_675777917654310912
675818464422920192,2790572710,2015-12-12,3_675818464242569216
675818455900254209,2871400947,2015-12-12,3_675775268418674688
675818439571849216,4397274405,2015-12-12,3_675813573877198849
675818434542768128,3179103314,2015-12-12,3_675752129194258433
675818425575415808,215477010,2015-12-12,3_675804934168698881
675818425130885124,72920393,2015-12-12,3_675750562487472128
675818420579864576,33434183,2015-12-12,3_675804934168698881
675818413198065664,3248357998,2015-12-12,3_675811985703981056
675818404503298048,535675339,2015-12-12,3_675710152545345536
675818377684918272,16797043,2015-12-12,3_675750562487472128
675818341798453252,23948464,2015-12-12,3_675809229681401856
675818336974938114,2228520805,2015-12-12,3_675745192817917952
675818308650815488,574440562,2015-12-12,3_675815106983428096
675818292473421825,300525742,2015-12-12,3_675636907993374720
675818269429792768,3322182158,2015-12-12,3_675744611286020096
675818234197708800,1433527357,2015-12-12,3_675813573877198849
675818214173970433,3034392770,2015-12-12,3_675814220085207040
675818210286026752,3431441542,2015-12-12,3_675815326743789569
675818200580362240,523785035,2015-12-12,3_675813573877198849
675818193005453312,477127167,2015-12-12,3_675786062682193921
675818156326260736,391998235,2015-12-12,3_675754253672124420
675818150148067328,2830427282,2015-12-12,3_675768654185832449
675818118275571712,91305834,2015-12-12,3_675770699550695424
675818097425711105,619706069,2015-12-12,3_675753438765056000
675818094821027841,65583832,2015-12-12,3_675809229681401856
675818082963591168,121241201,2015-12-12,3_675804934168698881
675817985278271488,1402198868,2015-12-12,3_675809992805584896
675817977464270848,153218852,2015-12-12,3_672859400135049216
675817954924081152,3179103314,2015-12-12,3_675779383571947521
675817952344698880,49678509,2015-12-12,3_675815106882707458
675817949345771520,160319720,2015-12-12,3_675813573877198849
675817939107454976,115099953,2015-12-12,3_675817938432208896
675817897646624768,2652285931,2015-12-12,3_675749717410713600
675817859747061760,3006392661,2015-12-12,3_675771876791062529
675817841988378624,2166228729,2015-12-12,3_675813573877198849
675817767568809985,3815440839,2015-12-12,3_675812694524485633
675817739030786049,90319045,2015-12-12,3_675723699862036481
675817714640953345,3131592839,2015-12-12,3_675744632974741510
675817708953444352,3685351037,2015-12-12,3_675815838146949120
675817708601090048,3123714704,2015-12-12,3_675753438765056000
675817696789950464,2885452702,2015-12-12,3_675817688137113600
675817684643262469,1510520454,2015-12-12,3_675769675989581824
675817684643262469,1510520454,2015-12-12,3_675769676190908416
675817665378852866,160319720,2015-12-12,3_675811985703981056
675817637197291520,17860457,2015-12-12,3_675770699550695424
675817623557414912,2960660441,2015-12-12,3_675696723503673344
675817623557414912,2960660441,2015-12-12,3_675696723491086336
675817623557414912,2960660441,2015-12-12,3_675696723495260161
675817623557414912,2960660441,2015-12-12,3_675696723499462656
675817611704299520,15088481,2015-12-12,3_675817610588590080
675817576409268224,628475111,2015-12-12,3_675817477776023553
675817571606769664,574440562,2015-12-12,3_675773532001931266
675817557685837824,79981008,2015-12-12,3_675753438765056000
675817554405892097,498880086,2015-12-12,3_675815838146949120
675817541567160320,1475334474,2015-12-12,3_675736141744594944
675817528946397184,123461458,2015-12-12,3_675744611286020096
675817498416160769,74508903,2015-12-12,3_675817477776023553
675817488354033664,800420600,2015-12-12,3_675753438765056000
675817484172304384,208233956,2015-12-12,3_675812640342585344
675817475913682944,531331719,2015-12-12,3_675747565338521600
675817463913816064,156959590,2015-12-12,3_675745682129555460
675817434717229060,3331704239,2015-12-12,3_675804934168698881
675817362248105984,4332050602,2015-12-12,3_675817360578715652
675817321630294016,3447895333,2015-12-12,3_675815838146949120
675817314982354944,445743426,2015-12-12,3_675777917654310912
675817305104711680,327994582,2015-12-12,3_675770699550695424
675817302873493509,1854254587,2015-12-12,3_675745192817917952
675817283332231169,2347583485,2015-12-12,3_675777917654310912
675817255553261568,3581851338,2015-12-12,3_675638864170639360
675817249777852417,40477520,2015-12-12,3_675075008172019712
675817217737564160,210210204,2015-12-12,3_675804934168698881
675817191250505728,1402198868,2015-12-12,3_675813573877198849
675817181733613569,193013179,2015-12-12,3_675723699862036481
675817170698375168,479722870,2015-12-12,3_675775268418674688
675817170576785408,136822673,2015-12-12,3_675787432915152898
675817167812739072,215669569,2015-12-12,3_675751603228516352
675817156504891392,2230552924,2015-12-12,3_675747571751632896
675817153212375041,520597706,2015-12-12,3_675673590184939520
675817147273240576,565623639,2015-12-12,3_675750562487472128
675817141980000256,113497644,2015-12-12,3_675745486842671104
675817120370966530,2396722676,2015-12-12,3_675815838146949120
675817095653777408,25875393,2015-12-12,3_675748710089940992
675817090759180288,1402198868,2015-12-12,3_675812640342585344
675817088934543360,1315921093,2015-12-12,3_675809229681401856
675817063156465664,162862124,2015-12-12,3_675773532001931266
675817029329293312,556331089,2015-12-12,3_675770699550695424
675817023864250369,34533731,2015-12-12,3_675813573877198849
675817018164056064,399020620,2015-12-12,3_675750562487472128
675817006017339392,399020620,2015-12-12,3_675750562487472128
675816999084249088,1402198868,2015-12-12,3_675811985703981056
675816998480297985,20775032,2015-12-12,3_675764794633396224
675816977831559168,2344022562,2015-12-12,3_675816977722556416
675816977831559168,2344022562,2015-12-12,3_675814928729509889
675816967127900161,2256962239,2015-12-12,3_675816939659386880
675816953383133184,409828435,2015-12-12,3_675750834874032128
675816950409371649,3640478177,2015-12-12,3_675744841221939200
675816947737616386,138466739,2015-12-12,3_675753438765056000
675816946122780672,1920277440,2015-12-12,3_675747571751632896
675816944482844673,3006198868,2015-12-12,3_675749512170762240
675816940607299585,449895748,2015-12-12,3_675753438765056000
675816931920867328,409828435,2015-12-12,3_675749573168640000
675816890489532416,83115185,2015-12-12,3_675770699550695424
675816889017311232,390082746,2015-12-12,3_675745486842671104
675816862534541312,40641991,2015-12-12,3_675777917654310912
675816861234262016,42226534,2015-12-12,3_675769675989581824
675816861234262016,42226534,2015-12-12,3_675769676190908416
675816860420546562,36168850,2015-12-12,3_675815838146949120
675816857639723009,314518562,2015-12-12,3_675745557932064768
675816851935330304,630332432,2015-12-12,3_675770699550695424
675816843274231808,380285415,2015-12-12,3_675770699550695424
675816837007937537,119366875,2015-12-12,3_675813573877198849
675816823074529282,549545916,2015-12-12,3_675806759966121984
675816816766287873,191463695,2015-12-12,3_675804934168698881
675816814836736001,3110031985,2015-12-12,3_675770699550695424
675816798680387584,1123388156,2015-12-12,3_675813573877198849
675816762433228800,23128066,2015-12-12,3_675770699550695424
675816709740187649,2762343611,2015-12-12,3_675747880041381888
675816682644901888,239671110,2015-12-12,3_675815838146949120
675816677016227840,347808246,2015-12-12,3_675814747950968832
675816659505045505,212069881,2015-12-12,3_675812640342585344
675816611488636928,2151353022,2015-12-12,3_675769907397722112
675816610922385408,374055885,2015-12-12,3_675775268418674688
675816603519483908,2176308573,2015-12-12,3_675607227789656064
675816580140412932,212069881,2015-12-12,3_675813573877198849
675816566936772608,2584537727,2015-12-12,3_675750562487472128
675816560854986752,557693130,2015-12-12,3_675811985703981056
675816560091668481,1023687926,2015-12-12,3_675744180447105024
675816539778584576,1403080069,2015-12-12,3_675815326743789569
675816522670018560,24290265,2015-12-12,3_675816521742946304
675816520920997888,2165593344,2015-12-12,3_675744826000859136
675816520174452740,3362092690,2015-12-12,3_675744611286020096
675816518807064577,83707445,2015-12-12,3_675753438765056000
675816517284532224,2303309358,2015-12-12,3_675806637572026368
675816508778508288,979131853,2015-12-12,3_675744826000859136
675816484036288513,470202885,2015-12-12,3_675813573877198849
675816471214333954,81552360,2015-12-12,3_675744611286020096
675816469435936768,3910089737,2015-12-12,3_675813573877198849
675816453719769090,298139855,2015-12-12,3_675753438765056000
675816453497561090,301655015,2015-12-12,3_675816448443473920
675816436728782848,1129254853,2015-12-12,3_675774517906681856
675816435378188288,3635589981,2015-12-12,3_675757087343951873
675816429179043840,391998235,2015-12-12,3_675806759966121984
675816425383190532,446374830,2015-12-12,3_675811985703981056
675816418391101440,426608634,2015-12-12,3_675745682129555460
675816365970837508,166189600,2015-12-12,3_675813573877198849
675816364297297920,166189600,2015-12-12,3_675812640342585344
675816352804954113,35251645,2015-12-12,3_675744611286020096
675816350049259520,101766616,2015-12-12,3_675744826000859136
675816346148429827,415238818,2015-12-12,3_675753438765056000
675816339773124609,21473943,2015-12-12,3_675750834874032128
675816289378639873,2777133062,2015-12-12,3_675758905490874370
675816286203588608,1420706425,2015-12-12,3_675806759966121984
675816284211306496,2780382855,2015-12-12,3_675638864170639360
675816281132670976,248512451,2015-12-12,3_675766473269186560
675816233418293248,855518419,2015-12-12,3_675559270574764033
675816233309233152,36158425,2015-12-12,3_675769345453236224
675816225239392256,2762343611,2015-12-12,3_675696723503673344
675816225239392256,2762343611,2015-12-12,3_675696723491086336
675816225239392256,2762343611,2015-12-12,3_675696723495260161
675816225239392256,2762343611,2015-12-12,3_675696723499462656
675816216750084096,201387191,2015-12-12,3_675773532001931266
675816201927467008,1332660325,2015-12-12,3_675815106983428096
675816196382572545,2683961214,2015-12-12,3_675749512170762240
675816178720358400,3334500215,2015-12-12,3_675766473269186560
675816169870368768,262871846,2015-12-12,3_675813584979501056
675816168087797760,18399014,2015-12-12,3_675786062682193921
675816135204339712,611765843,2015-12-12,3_675745682129555460
675816133430272003,400032084,2015-12-12,3_675771522628370432
675816120390057984,167520724,2015-12-12,3_675815838146949120
675816112836108290,1380284184,2015-12-12,3_675815838146949120
675816110848110592,277006364,2015-12-12,3_675681538550472704
675816095861837824,2981086600,2015-12-12,3_675804934168698881
675816087204798465,1926694651,2015-12-12,3_675753438765056000
675816087171280897,18399014,2015-12-12,3_675814928729509889
675816078635884544,984556201,2015-12-12,3_675770699550695424
675816057974616066,118962285,2015-12-12,3_675075008172019712
675816055110049792,262871846,2015-12-12,3_675813573877198849
675816053772066816,2527049646,2015-12-12,3_675760566087131136
675816049732919296,53345856,2015-12-12,3_675744826000859136
675816030544003072,1421557908,2015-12-12,3_675809992805584896
675816030422376448,2573589540,2015-12-12,3_675813573877198849
675816027905765376,2910572801,2015-12-12,3_675806759966121984
675816023195521024,2573589540,2015-12-12,3_675812640342585344
675816016199483392,4001515252,2015-12-12,3_675744611286020096
675816011933868032,2288616594,2015-12-12,3_675745682129555460
675816003843072000,18737585,2015-12-12,3_675775268418674688
675815975996932098,330549193,2015-12-12,3_675750562487472128
675815972817805312,2394401856,2015-12-12,3_675815838146949120
675815968438784000,270437243,2015-12-12,3_675770699550695424
675815967566536704,134923734,2015-12-12,3_675753438765056000
675815959391793153,232229359,2015-12-12,3_675815838146949120
675815956661317633,72454254,2015-12-12,3_675815838146949120
675815954522198016,21772430,2015-12-12,3_675814928729509889
675815942463561728,330549193,2015-12-12,3_675758115942498304
675815940752322560,3093263329,2015-12-12,3_675815838146949120
675815933831680004,1294711250,2015-12-12,3_675815838146949120
675815925074042880,502190819,2015-12-12,3_675655200556892160
675815923857494016,15911740,2015-12-12,3_675749512170762240
675815923157213184,2230552924,2015-12-12,3_675806759966121984
675815914135232512,14740127,2015-12-12,3_675814928729509889
675815910498803712,203633629,2015-12-12,3_675750562487472128
675815909685088258,300422857,2015-12-12,3_675806759966121984
675815906057060356,2976493883,2015-12-12,3_675757087343951873
675815899497177088,4001515252,2015-12-12,3_675750562487472128
675815878894616576,2374469136,2015-12-12,3_675794811270623232
675815878726930432,502190819,2015-12-12,3_675747571751632896
675815866907365376,82355306,2015-12-12,3_675814747950968832
675815859529494528,50556545,2015-12-12,3_675747571751632896
675815855322742784,2826685503,2015-12-12,3_675040191879487491
675815842886610945,101330306,2015-12-12,3_675757087343951873
675815839883489280,502190819,2015-12-12,3_675750562487472128
675815839162114051,2320825110,2015-12-12,3_675815106983428096
675815838851670016,487118986,2015-12-12,3_675815838146949120
675815838293839876,2826685503,2015-12-12,3_675040191879487491
675815829032824834,361897685,2015-12-12,3_675753438765056000
675815824553345024,1443064442,2015-12-12,3_675812640342585344
675815823395696641,2826685503,2015-12-12,3_675040191879487491
675815821189386240,169906268,2015-12-12,3_675457632191324160
675815811047649285,53345856,2015-12-12,3_675753438765056000
675815788641693698,380632461,2015-12-12,3_675750834874032128
675815776532701184,100189549,2015-12-12,3_675815776373366786
675815750146330624,3473629217,2015-12-12,3_675813573877198849
675815731678863360,483268627,2015-12-12,3_675813573877198849
675815718068183041,153218852,2015-12-12,3_675770699550695424
675815716310769664,77210680,2015-12-12,3_675815326743789569
675815711718178816,15692923,2015-12-12,3_675815694748033026
675815708475990016,92937664,2015-12-12,3_675770699550695424
675815705535737856,216567113,2015-12-12,3_675457632191324160
675815703228862470,283127543,2015-12-12,3_675750834874032128
675815702503100417,2618037811,2015-12-12,3_675775268418674688
675815697730183168,21772430,2015-12-12,3_675775268418674688
675815688385265664,2152673555,2015-12-12,3_675771876791062529
675815679497478145,2737015671,2015-12-12,3_675815326743789569
675815672589471746,1684539102,2015-12-12,3_675659527719673856
675815665782161409,119339403,2015-12-12,3_675809992805584896
675815656009433089,1924274659,2015-12-12,3_675811985703981056
675815649998823424,4332050602,2015-12-12,3_675806844414255104
675815626364030976,16046979,2015-12-12,3_675075008172019712
675815617098813442,15821470,2015-12-12,3_675770699550695424
675815586258165760,53345856,2015-12-12,3_675798738531540992
675815573109006342,21772430,2015-12-12,3_675813573877198849
675815551462219781,151100637,2015-12-12,3_675745682129555460
675815549218201600,1595850853,2015-12-12,3_675775268418674688
675815518356439040,461382830,2015-12-12,3_675457632191324160
675815506646056961,4375662045,2015-12-12,3_675657934194515968
675815464832929792,1717493455,2015-12-12,3_675685809501159428
675815460990939136,447404731,2015-12-12,3_675813573877198849
675815459304943617,1063640718,2015-12-12,3_675811985703981056
675815448466857984,1428037075,2015-12-12,3_675815160175534082
675815435418402816,1230822594,2015-12-12,3_675815160175534082
675815434663419905,4375662045,2015-12-12,3_675633270466433024
675815428086702080,191463695,2015-12-12,3_672859400135049216
675815417676476417,369772178,2015-12-12,3_675745682129555460
675815412626563072,1410207673,2015-12-12,3_675768209568583680
675815404476850177,2553203457,2015-12-12,3_675744611286020096
675815390858092544,1410207673,2015-12-12,3_675768170561581056
675815368380805121,833958139,2015-12-12,3_675811985703981056
675815361229496320,77235640,2015-12-12,3_675770699550695424
675815352597639172,783944028,2015-12-12,3_675692940287717376
675815351947534337,4061259615,2015-12-12,3_675798518896836608
675815348806004744,14118138,2015-12-12,3_675744826000859136
675815327494742016,487118986,2015-12-12,3_675815326743789569
675815317239701506,442588177,2015-12-12,3_675804934168698881
675815311816265728,277050907,2015-12-12,3_675744611286020096
675815291394400256,884566020,2015-12-12,3_675753438765056000
675815280514207744,277050907,2015-12-12,3_675747571751632896
675815265897209856,493150762,2015-12-12,3_675673590184939520
675815259857362944,579091759,2015-12-12,3_675815160175534082
675815256514502656,16046979,2015-12-12,3_672859400135049216
675815226038755328,4256781189,2015-12-12,3_675638864170639360
675815220380573697,3332205963,2015-12-12,3_675778942142410754
675815210658197505,178492884,2015-12-12,3_675787432915152898
675815190731051009,2976493883,2015-12-12,3_675815106983428096
675815182338273280,82355306,2015-12-12,3_675815160175534082
675815171755892736,277050907,2015-12-12,3_675750562487472128
675815168589307904,391998235,2015-12-12,3_675812640342585344
675815164235640832,4061259615,2015-12-12,3_675809992805584896
675815163430334465,336983238,2015-12-12,3_675777917654310912
675815162612482048,2230552924,2015-12-12,3_675813573877198849
675815144660713472,4410661994,2015-12-12,3_675465239069003776
675815134363852800,49678509,2015-12-12,3_675815106983428096
675815134175055872,118381162,2015-12-12,3_675815106882707458
675815133432664064,1512869048,2015-12-12,3_675753438765056000
675815124955975680,4061259615,2015-12-12,3_675811516411682817
675815110477246465,4061259615,2015-12-12,3_675811985703981056
675815069507330048,2645456404,2015-12-12,3_675787432915152898
675815065631748096,451377355,2015-12-12,3_675747565338521600
675815064323100673,74508903,2015-12-12,3_675775490939031552
675815058149146624,546727433,2015-12-12,3_675814928729509889
675815031737593856,1420706425,2015-12-12,3_675776532174999552
675815023323648000,224445380,2015-12-12,3_675750562487472128
675815015778271232,18856976,2015-12-12,3_675655200556892160
675815007985131522,2467720274,2015-12-12,3_675804934168698881
675815000741691393,97245944,2015-12-12,3_675775268418674688
675814999076532225,968080993,2015-12-12,3_675814998850052096
675814992818651141,18856976,2015-12-12,3_675744611286020096
675814972677627904,18856976,2015-12-12,3_675747571751632896
675814949172748289,18856976,2015-12-12,3_675750562487472128
675814948635697152,307274218,2015-12-12,3_675814220085207040
675814931716055040,18856976,2015-12-12,3_675758115942498304
675814930621288449,72301696,2015-12-12,3_675814928599552000
675814930621288449,72301696,2015-12-12,3_675814930113630208
675814929409122305,400334965,2015-12-12,3_675814928729509889
675814911566573569,2488288530,2015-12-12,3_675666667649810432
675814877470961665,240995411,2015-12-12,3_675733216905555968
675814865198559232,73783304,2015-12-12,3_675798584311222274
675814862396768260,125534265,2015-12-12,3_675814861851365377
675814847934689280,407976756,2015-12-12,3_675744826000859136
675814800891375617,240995411,2015-12-12,3_675741424948760577
675814778451959809,280487979,2015-12-12,3_675755392270471168
675814764468137986,2976289251,2015-12-12,3_675811985703981056
675814758369636352,1230822594,2015-12-12,3_675814747950968832
675814751134425088,16247751,2015-12-12,3_675794099866378240
675814726044119041,125534265,2015-12-12,3_675814725389713408
675814722206310401,264451340,2015-12-12,3_675748813496172545
675814707408842752,2822858979,2015-12-12,3_675804934168698881
675814664467558401,81580927,2015-12-12,3_675744611286020096
675814663578341376,16247751,2015-12-12,3_675794126701502464
675814659245535232,3133701427,2015-12-12,3_675642512753717248
675814656041222144,250717359,2015-12-12,3_675813573877198849
675814635015028737,97950902,2015-12-12,3_675753438765056000
675814628912271360,90541829,2015-12-12,3_675777917654310912
675814622155382784,437180887,2015-12-12,3_675798738531540992
675814605856358401,2326702317,2015-12-12,3_675770699550695424
675814601653657600,411287111,2015-12-12,3_675770699550695424
675814577981030400,1894806470,2015-12-12,3_675724928163954688
675814565926584321,3311994862,2015-12-12,3_675813573877198849
675814555272896512,166794157,2015-12-12,3_675813076227215360
675814554660564992,3234472723,2015-12-12,3_675745192817917952
675814534234394625,323310014,2015-12-12,3_675782409376370690
675814526533681152,264451340,2015-12-12,3_672859400135049216
675814512042332160,865464324,2015-12-12,3_675724589608083456
675814507046936576,14193758,2015-12-12,3_675745682129555460
675814506874978308,887365500,2015-12-12,3_675765002847023104
675814502714200064,339532820,2015-12-12,3_675813584979501056
675814483156045824,3133701427,2015-12-12,3_675745682129555460
675814478395650048,429998938,2015-12-12,3_675696723503673344
675814478395650048,429998938,2015-12-12,3_675696723491086336
675814478395650048,429998938,2015-12-12,3_675696723495260161
675814478395650048,429998938,2015-12-12,3_675696723499462656
675814470241804288,2450621492,2015-12-12,3_675329875486613504
675814462109151232,856059444,2015-12-12,3_675813573877198849
675814461161123840,3406088807,2015-12-12,3_675812640342585344
675814459579998208,83819956,2015-12-12,3_675813584979501056
675814450704855040,262871846,2015-12-12,3_675812640342585344
675814444421808128,234472081,2015-12-12,3_675748406820737025
675814408547909632,865464324,2015-12-12,3_675734589969711104
675814404924047364,264451340,2015-12-12,3_675075008172019712
675814399639089153,1240566366,2015-12-12,3_675747571751632896
675814398431207424,2827802272,2015-12-12,3_675744826000859136
675814397063913472,3439213258,2015-12-12,3_675750562487472128
675814388159254528,22277706,2015-12-12,3_675744826000859136
675814382635479041,3434472154,2015-12-12,3_675813185287561216
675814379816927232,865464324,2015-12-12,3_675741404145037313
675814370237136896,2752236956,2015-12-12,3_675809229681401856
675814370094485504,1224374936,2015-12-12,3_675813584979501056
675814368643272704,153041661,2015-12-12,3_675813584979501056
675814366558576640,627055000,2015-12-12,3_675745682129555460
675814363312349184,865464324,2015-12-12,3_675744826000859136
675814359445184512,59083291,2015-12-12,3_675744611286020096
675814341791391744,407255112,2015-12-12,3_675748710089940992
675814331871797248,865464324,2015-12-12,3_675745486842671104
675814304365572098,94794822,2015-12-12,3_675811985703981056
675814302130044928,789300698,2015-12-12,3_675706920045555713
675814290759270406,817427904,2015-12-12,3_675775268418674688
675814233423159296,393478426,2015-12-12,3_675813573877198849
675814220232040453,330826792,2015-12-12,3_675814220085207040
675814216327110656,865464324,2015-12-12,3_675753438765056000
675814190771265536,94794822,2015-12-12,3_675811516411682817
675814189663977473,427362005,2015-12-12,3_675747571751632896
675814189248696320,580013008,2015-12-12,3_675744826000859136
675814177311744000,318677850,2015-12-12,3_675813076227215360
675814160442200064,865464324,2015-12-12,3_675758115942498304
675814137021132800,39508046,2015-12-12,3_675745416701485056
675814127001075712,228009845,2015-12-12,3_675813584979501056
675814115399593984,491510475,2015-12-12,3_675775268418674688
675814110731354113,45638976,2015-12-12,3_675770699550695424
675814106096603136,248512451,2015-12-12,3_675787432915152898
675814076778459136,450651413,2015-12-12,3_675744123043880960
675814076140937217,574416256,2015-12-12,3_675813573877198849
675814067353841664,2682180446,2015-12-12,3_675767061080088580
675814064820510720,81197705,2015-12-12,3_675798584311222274
675814053072273408,292434672,2015-12-12,3_675813573877198849
675814048760336384,37496820,2015-12-12,3_675724589608083456
675814041605029888,3327279358,2015-12-12,3_675813573877198849
675814041319788544,1030900315,2015-12-12,3_675770699550695424
675814012915949568,382593488,2015-12-12,3_675813573877198849
675813996767920128,863268954,2015-12-12,3_675764751432032256
675813982737989632,123721507,2015-12-12,3_675798584311222274
675813967109840896,2344022562,2015-12-12,3_675813966967209984
675813967109840896,2344022562,2015-12-12,3_675813573877198849
675813960394739712,2344022562,2015-12-12,3_675813960323502081
675813960193544193,1566019675,2015-12-12,3_675812640342585344
675813959518265344,318677850,2015-12-12,3_675813584979501056
675813928463634435,865464324,2015-12-12,3_675764751432032256
675813927457046528,2366239886,2015-12-12,3_675798738531540992
675813924655251456,21215397,2015-12-12,3_675640229282250753
675813880686186496,793062708,2015-12-12,3_675209135634440192
675813879495004160,29557660,2015-12-12,3_675756444780797956
675813879495004160,29557660,2015-12-12,3_675756447775330304
675813879163785216,3357067979,2015-12-12,3_675744826000859136
675813858725011456,387866794,2015-12-12,3_675747565338521600
675813858469126146,47358244,2015-12-12,3_675329875486613504
675813856178913280,244650352,2015-12-12,3_675642512753717248
675813851884036096,2411086663,2015-12-12,3_675723699862036481
675813796976398336,2244608011,2015-12-12,3_675757087343951873
675813776055246848,199245682,2015-12-12,3_675679051340623872
675813774834708480,1423742148,2015-12-12,3_675753438765056000
675813768983523328,2910149688,2015-12-12,3_675753438765056000
675813767272407040,2519065502,2015-12-12,3_675745192817917952
675813747311661056,310295474,2015-12-12,3_675813076227215360
675813741078908928,3452756296,2015-12-12,3_675659527719673856
675813738998558724,326744855,2015-12-12,3_675813573877198849
675813725878792192,3177496276,2015-12-12,3_675757087343951873
675813721927753728,202313343,2015-12-12,3_675813721663500289
675813709911105537,480493156,2015-12-12,3_675809229681401856
675813706706522112,17086167,2015-12-12,3_675750562487472128
675813700520030210,2526823459,2015-12-12,3_675798518896836608
675813696313118722,2738965617,2015-12-12,3_675750562487472128
675813694861783041,2910149688,2015-12-12,3_675747571751632896
675813689652547584,809012353,2015-12-12,3_675813689061167104
675813685789593600,2570831198,2015-12-12,3_675770699550695424
675813681544974341,563615109,2015-12-12,3_675813573877198849
675813676339851264,2738965617,2015-12-12,3_675758115942498304
675813671306715137,23437668,2015-12-12,3_675745883649146880
675813668290961410,3357067979,2015-12-12,3_675753438765056000
675813642231816192,128621134,2015-12-12,3_675775268418674688
675813641694900226,52437388,2015-12-12,3_675785367631634432
675813635353104384,2519065502,2015-12-12,3_675760110036234240
675813635294429185,93398833,2015-12-12,3_675747571751632896
675813619393765377,361593313,2015-12-12,3_675813076227215360
675813614578737152,317070697,2015-12-12,3_675812640342585344
675813606571827200,2244608011,2015-12-12,3_675806759966121984
675813585826791429,14808226,2015-12-12,3_675813584979501056
675813583419285504,338985020,2015-12-12,3_675813573877198849
675813577601753088,1265772570,2015-12-12,3_675771522628370432
675813564330979328,337316073,2015-12-12,3_675745192817917952
675813546639425536,4186338448,2015-12-12,3_675741097486917633
675813541287469056,483039878,2015-12-12,3_675812640342585344
675813541107077120,111954709,2015-12-12,3_675777917654310912
675813529430171648,637036518,2015-12-12,3_675741404145037313
675813512048984064,557693130,2015-12-12,3_675812640342585344
675813494575538176,180497838,2015-12-12,3_675753438765056000
675813494248357889,965050866,2015-12-12,3_675778942142410754
675813485226401792,637036518,2015-12-12,3_675749712616648705
675813483917758465,234517991,2015-12-12,3_675813076227215360
675813450610814980,211497855,2015-12-12,3_675813076227215360
675813444478763008,274647783,2015-12-12,3_675811985703981056
675813429823807488,4013728127,2015-12-12,3_675744826000859136
675813428947062784,218677101,2015-12-12,3_675758115942498304
675813419514257408,48301543,2015-12-12,3_675804934168698881
675813412576866304,137321683,2015-12-12,3_675753438765056000
675813403345063936,2329524026,2015-12-12,3_675809229681401856
675813394239250432,1615291392,2015-12-12,3_675744826000859136
675813355211382785,48301543,2015-12-12,3_675747571751632896
675813346176823296,872140057,2015-12-12,3_675747880041381888
675813345954545665,131079801,2015-12-12,3_675813185287561216
675813342687191040,3147475903,2015-12-12,3_675767061080088580
675813329408040960,2438673104,2015-12-12,3_675744826000859136
675813321832927232,246336361,2015-12-12,3_675801154215936002
675813320893579264,2588445367,2015-12-12,3_675811985703981056
675813282217918464,3147475903,2015-12-12,3_675788746848120833
675813278006775808,160573863,2015-12-12,3_675812640342585344
675813277528641537,40536443,2015-12-12,3_675812640342585344
675813274022191104,473327395,2015-12-12,3_675750562487472128
675813273544036352,2580277784,2015-12-12,3_675811985703981056
675813271568543744,493971051,2015-12-12,3_675747571751632896
675813271555936262,3197709759,2015-12-12,3_675770699550695424
675813265671331840,416601937,2015-12-12,3_675758115942498304
675813240857841665,106864114,2015-12-12,3_675747880041381888
675813220796485632,216992743,2015-12-12,3_675775268418674688
675813212370046977,6088992,2015-12-12,3_675724589608083456
675813202576474112,218082921,2015-12-12,3_675745557932064768
675813192895963137,53872568,2015-12-12,3_675748406820737025
675813185937625088,1360439748,2015-12-12,3_675812640342585344
675813166140395520,94860418,2015-12-12,3_675723703414558720
675813137292115968,2957301184,2015-12-12,3_675812640342585344
675813126470803456,113707208,2015-12-12,3_675723699862036481
675813076445306880,440413534,2015-12-12,3_675813076227215360
675813071470874625,3147475903,2015-12-12,3_675798518896836608
675813048574205953,213088527,2015-12-12,3_675787432915152898
675813041280327682,4085792243,2015-12-12,3_675811985703981056
675813039631941632,1691370955,2015-12-12,3_675744611286020096
675813039145398272,255628022,2015-12-12,3_675753438765056000
675813039032164352,4085792243,2015-12-12,3_675811516411682817
675813037266333696,4085792243,2015-12-12,3_675811262413021184
675813035924148228,4085792243,2015-12-12,3_675809992805584896
675813016462614534,383531577,2015-12-12,3_675797901692551168
675812986255220736,2526823459,2015-12-12,3_675809992805584896
675812981071048705,637036518,2015-12-12,3_675806759966121984
675812963689873410,405539230,2015-12-12,3_675806759966121984
675812957096427520,489335610,2015-12-12,3_675811985703981056
675812951450750977,74644471,2015-12-12,3_675804934168698881
675812941069950977,3889571241,2015-12-12,3_675756417429688324
675812886300778496,14207511,2015-12-12,3_675809229681401856
675812883230498820,212587583,2015-12-12,3_675750562487472128
675812874212610048,28300550,2015-12-12,3_675772429357023232
675812874212610048,28300550,2015-12-12,3_675772429411573760
675812860103102464,637036518,2015-12-12,3_675811985703981056
675812842612899840,18494161,2015-12-12,3_675812841736245248
675812835419639808,123219953,2015-12-12,3_675812640342585344
675812834027024385,2159143291,2015-12-12,3_675745682129555460
